{
    "SelectScene": {
        "fogParam": [
            0.20000000298023224,
            0.05999999865889549,
            50.0,
            215.0
        ],
        "lightDecay": 0.10000000149011612,
        "lightPos": [
            0.0,
            64.0,
            -16.0
        ],
        "lightRadious": 512.0
    }
}
