{
    "SelectSceneBotton_A": {
        "ankerPos": [
            0.5,
            0.5
        ],
        "fileName": "GameUI/GameBottonUIA.png",
        "transform": {
            "rotate": {
                "x": 0.0,
                "y": 0.0,
                "z": 0.0
            },
            "scale": {
                "x": 0.05999999865889549,
                "y": 0.05999999865889549,
                "z": 0.05999999865889549
            },
            "translate": {
                "x": 48.0,
                "y": 510.0,
                "z": 0.0
            }
        }
    }
}
